"Periode aangevraagd:","01-01-1800","tot:","09-09-2024",,,,,,,,,
"Gegevens beschikbaar:","13-08-1958","tot:","14-10-2003",,,,,,,,,
"Datum:","09-09-2024",,,,,,,,,,,
"Referentie:","NAP",,,,,,,,,,,
,,,,,,,,,,,,
"NAP:","Normaal Amsterdams Peil",,,,,,,,,,,
"MV:","Maaiveld",,,,,,,,,,,
"MP:","Meetpunt",,,,,,,,,,,
,,,,,,,,,,,,
"Locatie","Filternummer","Externe aanduiding","X-coordinaat","Y-coordinaat","Maaiveld (cm t.o.v. NAP)","Datum maaiveld gemeten","Startdatum","Einddatum","Meetpunt (cm t.o.v. NAP)","Meetpunt (cm t.o.v. MV)","Bovenkant filter (cm t.o.v. NAP)","Onderkant filter (cm t.o.v. NAP)"
"B32E0031","001","32EP0031","169600","470700","1259","01-05-1958","01-05-1958","20-07-1981","1302","43","-641","-741"
"B32E0031","001","32EP0031","169600","470700","1272","20-07-1981","20-07-1981","20-03-1990","1302","30","-641","-741"
"B32E0031","001","32EP0031","169600","470700","1272","20-07-1981","20-03-1990","30-08-1997","1307","35","-641","-741"
"B32E0031","001","32EP0031","169600","470700","1272","20-07-1981","30-08-1997","01-02-1998","1357","85","-641","-741"
"B32E0031","001","32EP0031","169600","470700","1272","20-07-1981","01-02-1998","","1354","82","-641","-741"
,,,,,,,,,,,,
"Locatie","Filternummer","Peildatum","Stand (cm t.o.v. MP)","Stand (cm t.o.v. MV)","Stand (cm t.o.v NAP)","Bijzonderheid","Opmerking","","","","",""
"B32E0031","001","13-08-1958","157","114","1145","","","","","","",""
"B32E0031","001","21-08-1958","160","117","1142","","","","","","",""
"B32E0031","001","02-09-1958","177","134","1125","","","","","","",""
"B32E0031","001","16-09-1958","179","136","1123","","","","","","",""
"B32E0031","001","14-10-1958","135","92","1167","","","","","","",""
"B32E0031","001","22-10-1958","136","93","1166","","","","","","",""
"B32E0031","001","12-11-1958","129","86","1173","","","","","","",""
"B32E0031","001","21-11-1958","136","93","1166","","","","","","",""
"B32E0031","001","03-12-1958","142","99","1160","","","","","","",""
"B32E0031","001","18-12-1958","122","79","1180","","","","","","",""
"B32E0031","001","06-01-1959","97","54","1205","","","","","","",""
"B32E0031","001","20-01-1959","74","31","1228","","","","","","",""
"B32E0031","001","26-01-1959","68","25","1234","","","","","","",""
"B32E0031","001","02-02-1959","100","57","1202","","","","","","",""
"B32E0031","001","17-02-1959","112","69","1190","","","","","","",""
"B32E0031","001","03-03-1959","112","69","1190","","","","","","",""
"B32E0031","001","17-03-1959","109","66","1193","","","","","","",""
"B32E0031","001","01-04-1959","103","60","1199","","","","","","",""
"B32E0031","001","20-04-1959","120","77","1182","","","","","","",""
"B32E0031","001","11-05-1959","140","97","1162","","","","","","",""
"B32E0031","001","19-05-1959","150","107","1152","","","","","","",""
"B32E0031","001","01-06-1959","167","124","1135","","","","","","",""
"B32E0031","001","16-06-1959","184","141","1118","","","","","","",""
"B32E0031","001","02-07-1959","195","152","1107","","","","","","",""
"B32E0031","001","04-08-1959","211","168","1091","","","","","","",""
"B32E0031","001","18-08-1959","215","172","1087","","","","","","",""
"B32E0031","001","04-09-1959","224","181","1078","","","","","","",""
"B32E0031","001","24-09-1959","235","192","1067","","","","","","",""
"B32E0031","001","05-10-1959","240","197","1062","","","","","","",""
"B32E0031","001","20-10-1959","245","202","1057","","","","","","",""
"B32E0031","001","05-11-1959","245","202","1057","","","","","","",""
"B32E0031","001","18-11-1959","241","198","1061","","","","","","",""
"B32E0031","001","03-12-1959","240","197","1062","","","","","","",""
"B32E0031","001","18-12-1959","239","196","1063","","","","","","",""
"B32E0031","001","07-01-1960","201","158","1101","","","","","","",""
"B32E0031","001","02-02-1960","151","108","1151","","","","","","",""
"B32E0031","001","22-02-1960","146","103","1156","","","","","","",""
"B32E0031","001","03-03-1960","148","105","1154","","","","","","",""
"B32E0031","001","18-03-1960","149","106","1153","","","","","","",""
"B32E0031","001","04-04-1960","161","118","1141","","","","","","",""
"B32E0031","001","21-04-1960","168","125","1134","","","","","","",""
"B32E0031","001","03-05-1960","202","159","1100","","","","","","",""
"B32E0031","001","19-05-1960","198","155","1104","","","","","","",""
"B32E0031","001","01-06-1960","198","155","1104","","","","","","",""
"B32E0031","001","23-06-1960","210","167","1092","","","","","","",""
"B32E0031","001","05-07-1960","216","173","1086","","","","","","",""
"B32E0031","001","22-07-1960","218","175","1084","","","","","","",""
"B32E0031","001","08-08-1960","202","159","1100","","","","","","",""
"B32E0031","001","25-08-1960","171","128","1131","","","","","","",""
"B32E0031","001","06-09-1960","140","97","1162","","","","","","",""
"B32E0031","001","16-09-1960","153","110","1149","","","","","","",""
"B32E0031","001","07-10-1960","159","116","1143","","","","","","",""
"B32E0031","001","21-10-1960","122","79","1180","","","","","","",""
"B32E0031","001","04-11-1960","94","51","1208","","","","","","",""
"B32E0031","001","18-11-1960","81","38","1221","","","","","","",""
"B32E0031","001","01-12-1960","86","43","1216","","","","","","",""
"B32E0031","001","13-12-1960","81","38","1221","","","","","","",""
"B32E0031","001","05-01-1961","74","31","1228","","","","","","",""
"B32E0031","001","18-01-1961","95","52","1207","","","","","","",""
"B32E0031","001","01-02-1961","66","23","1236","","","","","","",""
"B32E0031","001","16-02-1961","84","41","1218","","","","","","",""
"B32E0031","001","03-03-1961","71","28","1231","","","","","","",""
"B32E0031","001","15-03-1961","104","61","1198","","","","","","",""
"B32E0031","001","04-04-1961","81","38","1221","","","","","","",""
"B32E0031","001","17-04-1961","99","56","1203","","","","","","",""
"B32E0031","001","02-05-1961","112","69","1190","","","","","","",""
"B32E0031","001","17-05-1961","128","85","1174","","","","","","",""
"B32E0031","001","05-06-1961","142","99","1160","","","","","","",""
"B32E0031","001","14-06-1961","128","85","1174","","","","","","",""
"B32E0031","001","03-07-1961","163","120","1139","","","","","","",""
"B32E0031","001","13-07-1961","143","100","1159","","","","","","",""
"B32E0031","001","08-08-1961","155","112","1147","","","","","","",""
"B32E0031","001","18-08-1961","145","102","1157","","","","","","",""
"B32E0031","001","01-09-1961","131","88","1171","","","","","","",""
"B32E0031","001","13-09-1961","122","79","1180","","","","","","",""
"B32E0031","001","02-10-1961","125","82","1177","","","","","","",""
"B32E0031","001","13-10-1961","133","90","1169","","","","","","",""
"B32E0031","001","02-11-1961","103","60","1199","","","","","","",""
"B32E0031","001","15-11-1961","105","62","1197","","","","","","",""
"B32E0031","001","06-12-1961","68","25","1234","","","","","","",""
"B32E0031","001","20-12-1961","84","41","1218","","","","","","",""
"B32E0031","001","22-01-1962","60","17","1242","","","","","","",""
"B32E0031","001","07-02-1962","62","19","1240","","","","","","",""
"B32E0031","001","08-03-1962","98","55","1204","","","","","","",""
"B32E0031","001","02-04-1962","97","54","1205","","","","","","",""
"B32E0031","001","17-04-1962","70","27","1232","","","","","","",""
"B32E0031","001","10-05-1962","89","46","1213","","","","","","",""
"B32E0031","001","01-06-1962","98","55","1204","","","","","","",""
"B32E0031","001","19-06-1962","122","79","1180","","","","","","",""
"B32E0031","001","03-07-1962","131","88","1171","","","","","","",""
"B32E0031","001","26-07-1962","148","105","1154","","","","","","",""
"B32E0031","001","14-08-1962","147","104","1155","","","","","","",""
"B32E0031","001","28-08-1962","149","106","1153","","","","","","",""
"B32E0031","001","13-09-1962","145","102","1157","","","","","","",""
"B32E0031","001","27-09-1962","148","105","1154","","","","","","",""
"B32E0031","001","19-10-1962","156","113","1146","","","","","","",""
"B32E0031","001","31-10-1962","124","81","1178","","","","","","",""
"B32E0031","001","12-11-1962","131","88","1171","","","","","","",""
"B32E0031","001","23-11-1962","133","90","1169","","","","","","",""
"B32E0031","001","07-12-1962","144","101","1158","","","","","","",""
"B32E0031","001","19-12-1962","93","50","1209","","","","","","",""
"B32E0031","001","21-02-1963","150","107","1152","","","","","","",""
"B32E0031","001","08-03-1963","130","87","1172","","","","","","",""
"B32E0031","001","14-03-1963","92","49","1210","","","","","","",""
"B32E0031","001","01-04-1963","101","58","1201","","","","","","",""
"B32E0031","001","18-04-1963","100","57","1202","","","","","","",""
"B32E0031","001","02-05-1963","92","49","1210","","","","","","",""
"B32E0031","001","17-05-1963","117","74","1185","","","","","","",""
"B32E0031","001","04-06-1963","141","98","1161","","","","","","",""
"B32E0031","001","19-06-1963","130","87","1172","","","","","","",""
"B32E0031","001","01-07-1963","142","99","1160","","","","","","",""
"B32E0031","001","17-07-1963","136","93","1166","","","","","","",""
"B32E0031","001","31-07-1963","164","121","1138","","","","","","",""
"B32E0031","001","22-08-1963","102","59","1200","","","","","","",""
"B32E0031","001","11-09-1963","100","57","1202","","","","","","",""
"B32E0031","001","10-10-1963","89","46","1213","","","","","","",""
"B32E0031","001","11-11-1963","91","48","1211","","","","","","",""
"B32E0031","001","12-12-1963","108","65","1194","","","","","","",""
"B32E0031","001","10-01-1964","105","62","1197","","","","","","",""
"B32E0031","001","14-01-1964","115","72","1187","","","","","","",""
"B32E0031","001","29-01-1964","114","71","1188","","","","","","",""
"B32E0031","001","13-02-1964","102","59","1200","","","","","","",""
"B32E0031","001","09-03-1964","128","85","1174","","","","","","",""
"B32E0031","001","08-04-1964","124","81","1178","","","","","","",""
"B32E0031","001","13-05-1964","138","95","1164","","","","","","",""
"B32E0031","001","04-06-1964","151","108","1151","","","","","","",""
"B32E0031","001","29-06-1964","171","128","1131","","","","","","",""
"B32E0031","001","29-07-1964","189","146","1113","","","","","","",""
"B32E0031","001","11-08-1964","198","155","1104","","","","","","",""
"B32E0031","001","08-09-1964","194","151","1108","","","","","","",""
"B32E0031","001","29-09-1964","201","158","1101","","","","","","",""
"B32E0031","001","12-10-1964","199","156","1103","","","","","","",""
"B32E0031","001","02-11-1964","160","117","1142","","","","","","",""
"B32E0031","001","18-11-1964","149","106","1153","","","","","","",""
"B32E0031","001","04-12-1964","133","90","1169","","","","","","",""
"B32E0031","001","18-12-1964","115","72","1187","","","","","","",""
"B32E0031","001","22-12-1964","123","80","1179","","","","","","",""
"B32E0031","001","12-01-1965","92","49","1210","","","","","","",""
"B32E0031","001","26-01-1965","87","44","1215","","","","","","",""
"B32E0031","001","10-02-1965","105","62","1197","","","","","","",""
"B32E0031","001","25-02-1965","117","74","1185","","","","","","",""
"B32E0031","001","12-03-1965","124","81","1178","","","","","","",""
"B32E0031","001","24-03-1965","97","54","1205","","","","","","",""
"B32E0031","001","05-04-1965","116","73","1186","","","","","","",""
"B32E0031","001","23-04-1965","92","49","1210","","","","","","",""
"B32E0031","001","26-04-1965","81","38","1221","","","","","","",""
"B32E0031","001","18-05-1965","99","56","1203","","","","","","",""
"B32E0031","001","02-06-1965","114","71","1188","","","","","","",""
"B32E0031","001","14-06-1965","123","80","1179","","","","","","",""
"B32E0031","001","25-06-1965","98","55","1204","","","","","","",""
"B32E0031","001","06-07-1965","126","83","1176","","","","","","",""
"B32E0031","001","16-07-1965","91","48","1211","","","","","","",""
"B32E0031","001","27-07-1965","100","57","1202","","","","","","",""
"B32E0031","001","06-08-1965","100","57","1202","","","","","","",""
"B32E0031","001","19-08-1965","126","83","1176","","","","","","",""
"B32E0031","001","31-08-1965","95","52","1207","","","","","","",""
"B32E0031","001","10-09-1965","86","43","1216","","","","","","",""
"B32E0031","001","22-09-1965","111","68","1191","","","","","","",""
"B32E0031","001","06-10-1965","121","78","1181","","","","","","",""
"B32E0031","001","19-10-1965","130","87","1172","","","","","","",""
"B32E0031","001","20-10-1965","131","88","1171","","","","","","",""
"B32E0031","001","01-11-1965","126","83","1176","","","","","","",""
"B32E0031","001","15-11-1965","140","97","1162","","","","","","",""
"B32E0031","001","26-11-1965","103","60","1199","","","","","","",""
"B32E0031","001","13-12-1965","66","23","1236","","","","","","",""
"B32E0031","001","05-01-1966","69","26","1233","","","","","","",""
"B32E0031","001","24-01-1966","91","48","1211","","","","","","",""
"B32E0031","001","17-02-1966","78","35","1224","","","","","","",""
"B32E0031","001","02-03-1966","76","33","1226","","","","","","",""
"B32E0031","001","16-03-1966","80","37","1222","","","","","","",""
"B32E0031","001","28-03-1966","57","14","1245","","","","","","",""
"B32E0031","001","07-04-1966","68","25","1234","","","","","","",""
"B32E0031","001","20-04-1966","58","15","1244","","","","","","",""
"B32E0031","001","04-05-1966","87","44","1215","","","","","","",""
"B32E0031","001","16-05-1966","112","69","1190","","","","","","",""
"B32E0031","001","31-05-1966","122","79","1180","","","","","","",""
"B32E0031","001","13-06-1966","140","97","1162","","","","","","",""
"B32E0031","001","24-06-1966","111","68","1191","","","","","","",""
"B32E0031","001","07-07-1966","109","66","1193","","","","","","",""
"B32E0031","001","20-07-1966","67","24","1235","","","","","","",""
"B32E0031","001","03-08-1966","58","15","1244","","","","","","",""
"B32E0031","001","16-08-1966","96","53","1206","","","","","","",""
"B32E0031","001","26-08-1966","100","57","1202","","","","","","",""
"B32E0031","001","06-09-1966","112","69","1190","","","","","","",""
"B32E0031","001","20-09-1966","119","76","1183","","","","","","",""
"B32E0031","001","03-10-1966","120","77","1182","","","","","","",""
"B32E0031","001","17-10-1966","128","85","1174","","","","","","",""
"B32E0031","001","28-10-1966","123","80","1179","","","","","","",""
"B32E0031","001","10-11-1966","117","74","1185","","","","","","",""
"B32E0031","001","24-11-1966","93","50","1209","","","","","","",""
"B32E0031","001","08-12-1966","63","20","1239","","","","","","",""
"B32E0031","001","20-12-1966","52","9","1250","","","","","","",""
"B32E0031","001","04-01-1967","57","14","1245","","","","","","",""
"B32E0031","001","16-01-1967","75","32","1227","","","","","","",""
"B32E0031","001","27-01-1967","78","35","1224","","","","","","",""
"B32E0031","001","09-02-1967","80","37","1222","","","","","","",""
"B32E0031","001","21-02-1967","69","26","1233","","","","","","",""
"B32E0031","001","03-03-1967","78","35","1224","","","","","","",""
"B32E0031","001","17-03-1967","93","50","1209","","","","","","",""
"B32E0031","001","30-03-1967","70","27","1232","","","","","","",""
"B32E0031","001","14-04-1967","83","40","1219","","","","","","",""
"B32E0031","001","27-04-1967","107","64","1195","","","","","","",""
"B32E0031","001","11-05-1967","120","77","1182","","","","","","",""
"B32E0031","001","02-06-1967","115","72","1187","","","","","","",""
"B32E0031","001","15-06-1967","135","92","1167","","","","","","",""
"B32E0031","001","26-06-1967","139","96","1163","","","","","","",""
"B32E0031","001","06-07-1967","155","112","1147","","","","","","",""
"B32E0031","001","18-07-1967","171","128","1131","","","","","","",""
"B32E0031","001","31-07-1967","174","131","1128","","","","","","",""
"B32E0031","001","11-08-1967","158","115","1144","","","","","","",""
"B32E0031","001","25-08-1967","149","106","1153","","","","","","",""
"B32E0031","001","08-09-1967","150","107","1152","","","","","","",""
"B32E0031","001","21-09-1967","141","98","1161","","","","","","",""
"B32E0031","001","03-10-1967","152","109","1150","","","","","","",""
"B32E0031","001","17-10-1967","130","87","1172","","","","","","",""
"B32E0031","001","31-10-1967","119","76","1183","","","","","","",""
"B32E0031","001","14-11-1967","101","58","1201","","","","","","",""
"B32E0031","001","28-11-1967","98","55","1204","","","","","","",""
"B32E0031","001","12-12-1967","85","42","1217","","","","","","",""
"B32E0031","001","02-01-1968","65","22","1237","","","","","","",""
"B32E0031","001","15-01-1968","55","12","1247","","","","","","",""
"B32E0031","001","26-01-1968","67","24","1235","","","","","","",""
"B32E0031","001","09-02-1968","74","31","1228","","","","","","",""
"B32E0031","001","22-02-1968","84","41","1218","","","","","","",""
"B32E0031","001","05-03-1968","98","55","1204","","","","","","",""
"B32E0031","001","19-03-1968","100","57","1202","","","","","","",""
"B32E0031","001","29-03-1968","107","64","1195","","","","","","",""
"B32E0031","001","16-04-1968","120","77","1182","","","","","","",""
"B32E0031","001","25-04-1968","126","83","1176","","","","","","",""
"B32E0031","001","09-05-1968","122","79","1180","","","","","","",""
"B32E0031","001","24-05-1968","122","79","1180","","","","","","",""
"B32E0031","001","10-06-1968","134","91","1168","","","","","","",""
"B32E0031","001","20-06-1968","131","88","1171","","","","","","",""
"B32E0031","001","15-07-1968","132","89","1170","","","","","","",""
"B32E0031","001","25-07-1968","140","97","1162","","","","","","",""
"B32E0031","001","06-08-1968","150","107","1152","","","","","","",""
"B32E0031","001","20-08-1968","144","101","1158","","","","","","",""
"B32E0031","001","02-09-1968","132","89","1170","","","","","","",""
"B32E0031","001","13-09-1968","119","76","1183","","","","","","",""
"B32E0031","001","26-09-1968","108","65","1194","","","","","","",""
"B32E0031","001","08-10-1968","84","41","1218","","","","","","",""
"B32E0031","001","22-10-1968","86","43","1216","","","","","","",""
"B32E0031","001","04-11-1968","71","28","1231","","","","","","",""
"B32E0031","001","15-11-1968","98","55","1204","","","","","","",""
"B32E0031","001","27-11-1968","90","47","1212","","","","","","",""
"B32E0031","001","10-12-1968","118","75","1184","","","","","","",""
"B32E0031","001","19-12-1968","111","68","1191","","","","","","",""
"B32E0031","001","08-01-1969","104","61","1198","","","","","","",""
"B32E0031","001","29-01-1969","93","50","1209","","","","","","",""
"B32E0031","001","13-02-1969","89","46","1213","","","","","","",""
"B32E0031","001","25-02-1969","75","32","1227","","","","","","",""
"B32E0031","001","10-03-1969","104","61","1198","","","","","","",""
"B32E0031","001","21-03-1969","84","41","1218","","","","","","",""
"B32E0031","001","03-04-1969","88","45","1214","","","","","","",""
"B32E0031","001","18-04-1969","91","48","1211","","","","","","",""
"B32E0031","001","06-05-1969","94","51","1208","","","","","","",""
"B32E0031","001","21-05-1969","77","34","1225","","","","","","",""
"B32E0031","001","04-06-1969","72","29","1230","","","","","","",""
"B32E0031","001","19-06-1969","111","68","1191","","","","","","",""
"B32E0031","001","02-07-1969","128","85","1174","","","","","","",""
"B32E0031","001","18-07-1969","136","93","1166","","","","","","",""
"B32E0031","001","06-08-1969","161","118","1141","","","","","","",""
"B32E0031","001","20-08-1969","150","107","1152","","","","","","",""
"B32E0031","001","05-09-1969","118","75","1184","","","","","","",""
"B32E0031","001","19-09-1969","142","99","1160","","","","","","",""
"B32E0031","001","03-10-1969","154","111","1148","","","","","","",""
"B32E0031","001","17-10-1969","165","122","1137","","","","","","",""
"B32E0031","001","30-10-1969","168","125","1134","","","","","","",""
"B32E0031","001","14-11-1969","135","92","1167","","","","","","",""
"B32E0031","001","28-11-1969","129","86","1173","","","","","","",""
"B32E0031","001","15-12-1969","128","85","1174","","","","","","",""
"B32E0031","001","06-01-1970","137","94","1165","","","","","","",""
"B32E0031","001","20-01-1970","124","81","1178","","","","","","",""
"B32E0031","001","04-02-1970","111","68","1191","","","","","","",""
"B32E0031","001","18-02-1970","114","71","1188","","","","","","",""
"B32E0031","001","02-03-1970","69","26","1233","","","","","","",""
"B32E0031","001","18-03-1970","85","42","1217","","","","","","",""
"B32E0031","001","02-04-1970","84","41","1218","","","","","","",""
"B32E0031","001","16-04-1970","90","47","1212","","","","","","",""
"B32E0031","001","01-05-1970","90","47","1212","","","","","","",""
"B32E0031","001","19-05-1970","117","74","1185","","","","","","",""
"B32E0031","001","01-06-1970","139","96","1163","","","","","","",""
"B32E0031","001","15-06-1970","162","119","1140","","","","","","",""
"B32E0031","001","29-06-1970","180","137","1122","","","","","","",""
"B32E0031","001","14-07-1970","183","140","1119","","","","","","",""
"B32E0031","001","05-08-1970","178","135","1124","","","","","","",""
"B32E0031","001","20-08-1970","186","143","1116","","","","","","",""
"B32E0031","001","08-09-1970","201","158","1101","","","","","","",""
"B32E0031","001","18-09-1970","150","107","1152","","","","","","",""
"B32E0031","001","05-10-1970","155","112","1147","","","","","","",""
"B32E0031","001","20-10-1970","162","119","1140","","","","","","",""
"B32E0031","001","03-11-1970","113","70","1189","","","","","","",""
"B32E0031","001","17-11-1970","116","73","1186","","","","","","",""
"B32E0031","001","02-12-1970","106","63","1196","","","","","","",""
"B32E0031","001","15-12-1970","110","67","1192","","","","","","",""
"B32E0031","001","04-01-1971","128","85","1174","","","","","","",""
"B32E0031","001","18-01-1971","120","77","1182","","","","","","",""
"B32E0031","001","02-02-1971","99","56","1203","","","","","","",""
"B32E0031","001","16-02-1971","82","39","1220","","","","","","",""
"B32E0031","001","02-03-1971","107","64","1195","","","","","","",""
"B32E0031","001","17-03-1971","97","54","1205","","","","","","",""
"B32E0031","001","01-04-1971","110","67","1192","","","","","","",""
"B32E0031","001","19-04-1971","130","87","1172","","","","","","",""
"B32E0031","001","03-05-1971","140","97","1162","","","","","","",""
"B32E0031","001","17-05-1971","140","97","1162","","","","","","",""
"B32E0031","001","01-06-1971","154","111","1148","","","","","","",""
"B32E0031","001","14-06-1971","168","125","1134","","","","","","",""
"B32E0031","001","28-06-1971","145","102","1157","","","","","","",""
"B32E0031","001","13-07-1971","174","131","1128","","","","","","",""
"B32E0031","001","26-07-1971","188","145","1114","","","","","","",""
"B32E0031","001","06-08-1971","195","152","1107","","","","","","",""
"B32E0031","001","23-08-1971","204","161","1098","","","","","","",""
"B32E0031","001","07-09-1971","212","169","1090","","","","","","",""
"B32E0031","001","21-09-1971","220","177","1082","","","","","","",""
"B32E0031","001","04-10-1971","225","182","1077","","","","","","",""
"B32E0031","001","19-10-1971","228","185","1074","","","","","","",""
"B32E0031","001","02-11-1971","234","191","1068","","","","","","",""
"B32E0031","001","16-11-1971","237","194","1065","","","","","","",""
"B32E0031","001","06-12-1971","221","178","1081","","","","","","",""
"B32E0031","001","20-12-1971","220","177","1082","","","","","","",""
"B32E0031","001","03-01-1972","211","168","1091","","","","","","",""
"B32E0031","001","17-01-1972","214","171","1088","","","","","","",""
"B32E0031","001","02-02-1972","206","163","1096","","","","","","",""
"B32E0031","001","16-02-1972","194","151","1108","","","","","","",""
"B32E0031","001","01-03-1972","196","153","1106","","","","","","",""
"B32E0031","001","16-03-1972","197","154","1105","","","","","","",""
"B32E0031","001","06-04-1972","190","147","1112","","","","","","",""
"B32E0031","001","19-04-1972","174","131","1128","","","","","","",""
"B32E0031","001","05-05-1972","184","141","1118","","","","","","",""
"B32E0031","001","19-05-1972","177","134","1125","","","","","","",""
"B32E0031","001","07-06-1972","180","137","1122","","","","","","",""
"B32E0031","001","21-06-1972","194","151","1108","","","","","","",""
"B32E0031","001","05-07-1972","178","135","1124","","","","","","",""
"B32E0031","001","18-07-1972","190","147","1112","","","","","","",""
"B32E0031","001","03-08-1972","179","136","1123","","","","","","",""
"B32E0031","001","18-08-1972","185","142","1117","","","","","","",""
"B32E0031","001","05-09-1972","198","155","1104","","","","","","",""
"B32E0031","001","19-09-1972","193","150","1109","","","","","","",""
"B32E0031","001","05-10-1972","208","165","1094","","","","","","",""
"B32E0031","001","18-10-1972","217","174","1085","","","","","","",""
"B32E0031","001","02-11-1972","214","171","1088","","","","","","",""
"B32E0031","001","15-11-1972","185","142","1117","","","","","","",""
"B32E0031","001","01-12-1972","160","117","1142","","","","","","",""
"B32E0031","001","14-12-1972","157","114","1145","","","","","","",""
"B32E0031","001","03-01-1973","174","131","1128","","","","","","",""
"B32E0031","001","17-01-1973","178","135","1124","","","","","","",""
"B32E0031","001","02-02-1973","177","134","1125","","","","","","",""
"B32E0031","001","16-02-1973","151","108","1151","","","","","","",""
"B32E0031","001","05-03-1973","148","105","1154","","","","","","",""
"B32E0031","001","16-03-1973","153","110","1149","","","","","","",""
"B32E0031","001","05-04-1973","146","103","1156","","","","","","",""
"B32E0031","001","18-04-1973","150","107","1152","","","","","","",""
"B32E0031","001","04-05-1973","148","105","1154","","","","","","",""
"B32E0031","001","18-05-1973","161","118","1141","","","","","","",""
"B32E0031","001","04-06-1973","144","101","1158","","","","","","",""
"B32E0031","001","18-06-1973","171","128","1131","","","","","","",""
"B32E0031","001","03-07-1973","199","156","1103","","","","","","",""
"B32E0031","001","18-07-1973","209","166","1093","","","","","","",""
"B32E0031","001","07-08-1973","217","174","1085","","","","","","",""
"B32E0031","001","22-08-1973","228","185","1074","","","","","","",""
"B32E0031","001","07-09-1973","237","194","1065","","","","","","",""
"B32E0031","001","19-09-1973","240","197","1062","","","","","","",""
"B32E0031","001","08-10-1973","231","188","1071","","","","","","",""
"B32E0031","001","24-10-1973","194","151","1108","","","","","","",""
"B32E0031","001","05-11-1973","196","153","1106","","","","","","",""
"B32E0031","001","20-11-1973","181","138","1121","","","","","","",""
"B32E0031","001","04-12-1973","165","122","1137","","","","","","",""
"B32E0031","001","13-12-1973","143","100","1159","","","","","","",""
"B32E0031","001","08-01-1974","132","89","1170","","","","","","",""
"B32E0031","001","23-01-1974","129","86","1173","","","","","","",""
"B32E0031","001","05-02-1974","133","90","1169","","","","","","",""
"B32E0031","001","19-02-1974","134","91","1168","","","","","","",""
"B32E0031","001","05-03-1974","138","95","1164","","","","","","",""
"B32E0031","001","20-03-1974","122","79","1180","","","","","","",""
"B32E0031","001","02-04-1974","143","100","1159","","","","","","",""
"B32E0031","001","17-04-1974","162","119","1140","","","","","","",""
"B32E0031","001","03-05-1974","176","133","1126","","","","","","",""
"B32E0031","001","16-05-1974","174","131","1128","","","","","","",""
"B32E0031","001","05-06-1974","196","153","1106","","","","","","",""
"B32E0031","001","19-06-1974","200","157","1102","","","","","","",""
"B32E0031","001","03-07-1974","211","168","1091","","","","","","",""
"B32E0031","001","16-07-1974","210","167","1092","","","","","","",""
"B32E0031","001","07-08-1974","219","176","1083","","","","","","",""
"B32E0031","001","20-08-1974","205","162","1097","","","","","","",""
"B32E0031","001","03-09-1974","221","178","1081","","","","","","",""
"B32E0031","001","17-09-1974","219","176","1083","","","","","","",""
"B32E0031","001","03-10-1974","199","156","1103","","","","","","",""
"B32E0031","001","22-10-1974","176","133","1126","","","","","","",""
"B32E0031","001","06-11-1974","139","96","1163","","","","","","",""
"B32E0031","001","20-11-1974","127","84","1175","","","","","","",""
"B32E0031","001","05-12-1974","107","64","1195","","","","","","",""
"B32E0031","001","13-12-1974","89","46","1213","","","","","","",""
"B32E0031","001","07-01-1975","73","30","1229","","","","","","",""
"B32E0031","001","23-01-1975","70","27","1232","","","","","","",""
"B32E0031","001","05-02-1975","87","44","1215","","","","","","",""
"B32E0031","001","20-02-1975","102","59","1200","","","","","","",""
"B32E0031","001","05-03-1975","111","68","1191","","","","","","",""
"B32E0031","001","18-03-1975","104","61","1198","","","","","","",""
"B32E0031","001","02-04-1975","90","47","1212","","","","","","",""
"B32E0031","001","17-04-1975","88","45","1214","","","","","","",""
"B32E0031","001","07-05-1975","111","68","1191","","","","","","",""
"B32E0031","001","26-05-1975","136","93","1166","","","","","","",""
"B32E0031","001","06-06-1975","154","111","1148","","","","","","",""
"B32E0031","001","19-06-1975","161","118","1141","","","","","","",""
"B32E0031","001","03-07-1975","176","133","1126","","","","","","",""
"B32E0031","001","17-07-1975","177","134","1125","","","","","","",""
"B32E0031","001","06-08-1975","188","145","1114","","","","","","",""
"B32E0031","001","19-08-1975","204","161","1098","","","","","","",""
"B32E0031","001","03-09-1975","207","164","1095","","","","","","",""
"B32E0031","001","19-09-1975","216","173","1086","","","","","","",""
"B32E0031","001","02-10-1975","222","179","1080","","","","","","",""
"B32E0031","001","16-10-1975","225","182","1077","","","","","","",""
"B32E0031","001","04-11-1975","232","189","1070","","","","","","",""
"B32E0031","001","20-11-1975","225","182","1077","","","","","","",""
"B32E0031","001","05-12-1975","190","147","1112","","","","","","",""
"B32E0031","001","15-12-1975","191","148","1111","","","","","","",""
"B32E0031","001","07-01-1976","162","119","1140","","","","","","",""
"B32E0031","001","20-01-1976","148","105","1154","","","","","","",""
"B32E0031","001","03-02-1976","158","115","1144","","","","","","",""
"B32E0031","001","18-02-1976","143","100","1159","","","","","","",""
"B32E0031","001","02-03-1976","153","110","1149","","","","","","",""
"B32E0031","001","16-03-1976","164","121","1138","","","","","","",""
"B32E0031","001","01-04-1976","167","124","1135","","","","","","",""
"B32E0031","001","15-04-1976","174","131","1128","","","","","","",""
"B32E0031","001","05-05-1976","194","151","1108","","","","","","",""
"B32E0031","001","18-05-1976","205","162","1097","","","","","","",""
"B32E0031","001","02-06-1976","216","173","1086","","","","","","",""
"B32E0031","001","17-06-1976","226","183","1076","","","","","","",""
"B32E0031","001","01-07-1976","240","197","1062","","","","","","",""
"B32E0031","001","15-07-1976","249","206","1053","","","","","","",""
"B32E0031","001","06-08-1976","258","215","1044","","","","","","",""
"B32E0031","001","20-08-1976","265","222","1037","","","","","","",""
"B32E0031","001","02-09-1976","268","225","1034","","","","","","",""
"B32E0031","001","21-09-1976","274","231","1028","","","","","","",""
"B32E0031","001","11-10-1976","278","235","1024","","","","","","",""
"B32E0031","001","19-10-1976","279","236","1023","","","","","","",""
"B32E0031","001","03-11-1976","284","241","1018","","","","","","",""
"B32E0031","001","17-11-1976","288","245","1014","","","","","","",""
"B32E0031","001","02-12-1976","282","239","1020","","","","","","",""
"B32E0031","001","23-12-1976","256","213","1046","","","","","","",""
"B32E0031","001","05-01-1977","247","204","1055","","","","","","",""
"B32E0031","001","18-01-1977","231","188","1071","","","","","","",""
"B32E0031","001","02-02-1977","216","173","1086","","","","","","",""
"B32E0031","001","16-02-1977","200","157","1102","","","","","","",""
"B32E0031","001","03-03-1977","180","137","1122","","","","","","",""
"B32E0031","001","17-03-1977","184","141","1118","","","","","","",""
"B32E0031","001","04-04-1977","169","126","1133","","","","","","",""
"B32E0031","001","19-04-1977","169","126","1133","","","","","","",""
"B32E0031","001","03-05-1977","180","137","1122","","","","","","",""
"B32E0031","001","17-05-1977","167","124","1135","","","","","","",""
"B32E0031","001","02-06-1977","195","152","1107","","","","","","",""
"B32E0031","001","17-06-1977","209","166","1093","","","","","","",""
"B32E0031","001","04-07-1977","220","177","1082","","","","","","",""
"B32E0031","001","19-07-1977","230","187","1072","","","","","","",""
"B32E0031","001","01-08-1977","236","193","1066","","","","","","",""
"B32E0031","001","17-08-1977","234","191","1068","","","","","","",""
"B32E0031","001","01-09-1977","203","160","1099","","","","","","",""
"B32E0031","001","16-09-1977","218","175","1084","","","","","","",""
"B32E0031","001","04-10-1977","234","191","1068","","","","","","",""
"B32E0031","001","17-10-1977","243","200","1059","","","","","","",""
"B32E0031","001","03-11-1977","244","201","1058","","","","","","",""
"B32E0031","001","15-11-1977","229","186","1073","","","","","","",""
"B32E0031","001","01-12-1977","156","113","1146","","","","","","",""
"B32E0031","001","15-12-1977","162","119","1140","","","","","","",""
"B32E0031","001","04-01-1978","146","103","1156","","","","","","",""
"B32E0031","001","19-01-1978","140","97","1162","","","","","","",""
"B32E0031","001","02-02-1978","134","91","1168","","","","","","",""
"B32E0031","001","17-02-1978","145","102","1157","","","","","","",""
"B32E0031","001","07-03-1978","155","112","1147","","","","","","",""
"B32E0031","001","17-03-1978","142","99","1160","","","","","","",""
"B32E0031","001","04-04-1978","135","92","1167","","","","","","",""
"B32E0031","001","18-04-1978","140","97","1162","","","","","","",""
"B32E0031","001","03-05-1978","155","112","1147","","","","","","",""
"B32E0031","001","17-05-1978","168","125","1134","","","","","","",""
"B32E0031","001","01-06-1978","184","141","1118","","","","","","",""
"B32E0031","001","15-06-1978","199","156","1103","","","","","","",""
"B32E0031","001","02-07-1978","200","157","1102","","","","","","",""
"B32E0031","001","18-07-1978","197","154","1105","","","","","","",""
"B32E0031","001","31-07-1978","214","171","1088","","","","","","",""
"B32E0031","001","16-08-1978","226","183","1076","","","","","","",""
"B32E0031","001","29-08-1978","232","189","1070","","","","","","",""
"B32E0031","001","12-09-1978","239","196","1063","","","","","","",""
"B32E0031","001","26-09-1978","243","200","1059","","","","","","",""
"B32E0031","001","10-10-1978","227","184","1075","","","","","","",""
"B32E0031","001","24-10-1978","236","193","1066","","","","","","",""
"B32E0031","001","07-11-1978","240","197","1062","","","","","","",""
"B32E0031","001","21-11-1978","248","205","1054","","","","","","",""
"B32E0031","001","06-12-1978","244","201","1058","","","","","","",""
"B32E0031","001","15-12-1978","240","197","1062","","","","","","",""
"B32E0031","001","04-01-1979","184","141","1118","","","","","","",""
"B32E0031","001","17-01-1979","173","130","1129","","","","","","",""
"B32E0031","001","01-02-1979","179","136","1123","","","","","","",""
"B32E0031","001","13-02-1979","146","103","1156","","","","","","",""
"B32E0031","001","01-03-1979","144","101","1158","","","","","","",""
"B32E0031","001","13-03-1979","123","80","1179","","","","","","",""
"B32E0031","001","27-03-1979","120","77","1182","","","","","","",""
"B32E0031","001","27-04-1979","112","69","1190","","","","","","",""
"B32E0031","001","14-05-1979","161","118","1141","","","","","","",""
"B32E0031","001","29-05-1979","137","94","1165","","","","","","",""
"B32E0031","001","12-06-1979","110","67","1192","","","","","","",""
"B32E0031","001","27-06-1979","125","82","1177","","","","","","",""
"B32E0031","001","09-07-1979","143","100","1159","","","","","","",""
"B32E0031","001","26-07-1979","162","119","1140","","","","","","",""
"B32E0031","001","14-08-1979","161","118","1141","","","","","","",""
"B32E0031","001","27-08-1979","180","137","1122","","","","","","",""
"B32E0031","001","12-09-1979","193","150","1109","","","","","","",""
"B32E0031","001","28-09-1979","205","162","1097","","","","","","",""
"B32E0031","001","12-10-1979","209","166","1093","","","","","","",""
"B32E0031","001","29-10-1979","212","169","1090","","","","","","",""
"B32E0031","001","13-11-1979","168","125","1134","","","","","","",""
"B32E0031","001","14-01-1980","111","68","1191","","","","","","",""
"B32E0031","001","30-01-1980","110","67","1192","","","","","","",""
"B32E0031","001","15-02-1980","98","55","1204","","","","","","",""
"B32E0031","001","28-02-1980","115","72","1187","","","","","","",""
"B32E0031","001","13-03-1980","89","46","1213","","","","","","",""
"B32E0031","001","31-03-1980","115","72","1187","","","","","","",""
"B32E0031","001","16-04-1980","124","81","1178","","","","","","",""
"B32E0031","001","02-05-1980","132","89","1170","","","","","","",""
"B32E0031","001","20-05-1980","157","114","1145","","","","","","",""
"B32E0031","001","03-06-1980","170","127","1132","","","","","","",""
"B32E0031","001","17-06-1980","183","140","1119","","","","","","",""
"B32E0031","001","30-06-1980","186","143","1116","","","","","","",""
"B32E0031","001","14-07-1980","140","97","1162","","","","","","",""
"B32E0031","001","29-07-1980","158","115","1144","","","","","","",""
"B32E0031","001","14-08-1980","172","129","1130","","","","","","",""
"B32E0031","001","27-08-1980","189","146","1113","","","","","","",""
"B32E0031","001","09-09-1980","195","152","1107","","","","","","",""
"B32E0031","001","25-09-1980","204","161","1098","","","","","","",""
"B32E0031","001","09-10-1980","200","157","1102","","","","","","",""
"B32E0031","001","23-10-1980","200","157","1102","","","","","","",""
"B32E0031","001","06-11-1980","199","156","1103","","","","","","",""
"B32E0031","001","20-11-1980","155","112","1147","","","","","","",""
"B32E0031","001","05-12-1980","150","107","1152","","","","","","",""
"B32E0031","001","19-12-1980","120","77","1182","","","","","","",""
"B32E0031","001","19-01-1981","76","33","1226","","","","","","",""
"B32E0031","001","02-02-1981","102","59","1200","","","","","","",""
"B32E0031","001","16-02-1981","106","63","1196","","","","","","",""
"B32E0031","001","03-03-1981","103","60","1199","","","","","","",""
"B32E0031","001","13-03-1981","63","20","1239","","","","","","",""
"B32E0031","001","26-03-1981","74","31","1228","","","","","","",""
"B32E0031","001","08-04-1981","100","57","1202","","","","","","",""
"B32E0031","001","23-04-1981","120","77","1182","","","","","","",""
"B32E0031","001","08-05-1981","125","82","1177","","","","","","",""
"B32E0031","001","22-05-1981","135","92","1167","","","","","","",""
"B32E0031","001","10-06-1981","141","98","1161","","","","","","",""
"B32E0031","001","24-06-1981","154","111","1148","","","","","","",""
"B32E0031","001","09-07-1981","148","105","1154","","","","","","",""
"B32E0031","001","22-07-1981","148","118","1154","","","","","","",""
"B32E0031","001","05-08-1981","161","131","1141","","","","","","",""
"B32E0031","001","24-08-1981","181","151","1121","","","","","","",""
"B32E0031","001","07-09-1981","188","158","1114","","","","","","",""
"B32E0031","001","15-10-1981","161","131","1141","","","","","","",""
"B32E0031","001","29-10-1981","143","113","1159","","","","","","",""
"B32E0031","001","11-11-1981","140","110","1162","","","","","","",""
"B32E0031","001","26-11-1981","128","98","1174","","","","","","",""
"B32E0031","001","11-12-1981","100","70","1202","","","","","","",""
"B32E0031","001","30-12-1981","90","60","1212","","","","","","",""
"B32E0031","001","13-01-1982","100","70","1202","","","","","","",""
"B32E0031","001","25-01-1982","118","88","1184","","","","","","",""
"B32E0031","001","08-02-1982","96","66","1206","","","","","","",""
"B32E0031","001","18-02-1982","116","86","1186","","","","","","",""
"B32E0031","001","03-03-1982","88","58","1214","","","","","","",""
"B32E0031","001","02-04-1982","118","88","1184","","","","","","",""
"B32E0031","001","22-04-1982","134","104","1168","","","","","","",""
"B32E0031","001","10-05-1982","138","108","1164","","","","","","",""
"B32E0031","001","24-05-1982","154","124","1148","","","","","","",""
"B32E0031","001","08-06-1982","174","144","1128","","","","","","",""
"B32E0031","001","23-06-1982","166","136","1136","","","","","","",""
"B32E0031","001","07-07-1982","183","153","1119","","","","","","",""
"B32E0031","001","21-07-1982","200","170","1102","","","","","","",""
"B32E0031","001","01-09-1982","226","196","1076","","","","","","",""
"B32E0031","001","23-09-1982","236","206","1066","","","","","","",""
"B32E0031","001","28-10-1982","224","194","1078","","","","","","",""
"B32E0031","001","24-11-1982","215","185","1087","","","","","","",""
"B32E0031","001","06-12-1982","210","180","1092","","","","","","",""
"B32E0031","001","20-12-1982","220","190","1082","","","","","","",""
"B32E0031","001","19-01-1983","132","102","1170","","","","","","",""
"B32E0031","001","31-01-1983","129","99","1173","","","","","","",""
"B32E0031","001","16-02-1983","126","96","1176","","","","","","",""
"B32E0031","001","30-03-1983","91","61","1211","","","","","","",""
"B32E0031","001","21-04-1983","115","85","1187","","","","","","",""
"B32E0031","001","25-05-1983","76","46","1226","","","","","","",""
"B32E0031","001","14-06-1983","109","79","1193","","","","","","",""
"B32E0031","001","08-07-1983","128","98","1174","","","","","","",""
"B32E0031","001","17-08-1983","192","162","1110","","","","","","",""
"B32E0031","001","07-09-1983","200","170","1102","","","","","","",""
"B32E0031","001","23-09-1983","175","145","1127","","","","","","",""
"B32E0031","001","11-10-1983","195","165","1107","","","","","","",""
"B32E0031","001","20-10-1983","193","163","1109","","","","","","",""
"B32E0031","001","01-11-1983","202","172","1100","","","","","","",""
"B32E0031","001","15-11-1983","204","174","1098","","","","","","",""
"B32E0031","001","30-11-1983","152","122","1150","","","","","","",""
"B32E0031","001","12-12-1983","135","105","1167","","","","","","",""
"B32E0031","001","12-01-1984","80","50","1222","","","","","","",""
"B32E0031","001","08-02-1984","56","26","1246","","","","","","",""
"B32E0031","001","27-02-1984","80","50","1222","","","","","","",""
"B32E0031","001","16-03-1984","99","69","1203","","","","","","",""
"B32E0031","001","17-04-1984","112","82","1190","","","","","","",""
"B32E0031","001","03-05-1984","128","98","1174","","","","","","",""
"B32E0031","001","17-05-1984","135","105","1167","","","","","","",""
"B32E0031","001","18-06-1984","135","105","1167","","","","","","",""
"B32E0031","001","27-06-1984","136","106","1166","","","","","","",""
"B32E0031","001","27-07-1984","141","111","1161","","","","","","",""
"B32E0031","001","09-08-1984","155","125","1147","","","","","","",""
"B32E0031","001","30-10-1984","115","85","1187","","","","","","",""
"B32E0031","001","15-11-1984","130","100","1172","","","","","","",""
"B32E0031","001","23-11-1984","103","73","1199","","","","","","",""
"B32E0031","001","14-12-1984","115","85","1187","","","","","","",""
"B32E0031","001","28-12-1984","101","71","1201","","","","","","",""
"B32E0031","001","14-01-1985","122","92","1180","","","","","","",""
"B32E0031","001","28-01-1985","97","67","1205","","","","","","",""
"B32E0031","001","14-02-1985","123","93","1179","","","","","","",""
"B32E0031","001","05-03-1985","121","91","1181","","","","","","",""
"B32E0031","001","14-03-1985","109","79","1193","","","","","","",""
"B32E0031","001","28-03-1985","109","79","1193","","","","","","",""
"B32E0031","001","15-04-1985","84","54","1218","","","","","","",""
"B32E0031","001","01-05-1985","111","81","1191","","","","","","",""
"B32E0031","001","14-05-1985","109","79","1193","","","","","","",""
"B32E0031","001","28-05-1985","127","97","1175","","","","","","",""
"B32E0031","001","13-06-1985","127","97","1175","","","","","","",""
"B32E0031","001","29-06-1985","112","82","1190","","","","","","",""
"B32E0031","001","16-07-1985","153","123","1149","","","","","","",""
"B32E0031","001","29-07-1985","145","115","1157","","","","","","",""
"B32E0031","001","16-08-1985","145","115","1157","","","","","","",""
"B32E0031","001","02-09-1985","157","127","1145","","","","","","",""
"B32E0031","001","16-09-1985","161","131","1141","","","","","","",""
"B32E0031","001","30-09-1985","167","137","1135","","","","","","",""
"B32E0031","001","15-10-1985","173","143","1129","","","","","","",""
"B32E0031","001","01-11-1985","179","149","1123","","","","","","",""
"B32E0031","001","15-11-1985","135","105","1167","","","","","","",""
"B32E0031","001","02-12-1985","132","102","1170","","","","","","",""
"B32E0031","001","15-12-1985","119","89","1183","","","","","","",""
"B32E0031","001","27-12-1985","100","70","1202","","","","","","",""
"B32E0031","001","14-01-1986","84","54","1218","","","","","","",""
"B32E0031","001","29-01-1986","87","57","1215","","","","","","",""
"B32E0031","001","13-02-1986","116","86","1186","","","","","","",""
"B32E0031","001","01-03-1986","140","110","1162","","","","","","",""
"B32E0031","001","14-03-1986","125","95","1177","","","","","","",""
"B32E0031","001","28-03-1986","84","54","1218","","","","","","",""
"B32E0031","001","15-04-1986","102","72","1200","","","","","","",""
"B32E0031","001","02-05-1986","122","92","1180","","","","","","",""
"B32E0031","001","20-05-1986","133","103","1169","","","","","","",""
"B32E0031","001","30-05-1986","146","116","1156","","","","","","",""
"B32E0031","001","16-06-1986","152","122","1150","","","","","","",""
"B32E0031","001","01-07-1986","173","143","1129","","","","","","",""
"B32E0031","001","15-07-1986","186","156","1116","","","","","","",""
"B32E0031","001","30-07-1986","200","170","1102","","","","","","",""
"B32E0031","001","15-08-1986","209","179","1093","","","","","","",""
"B32E0031","001","30-08-1986","201","171","1101","","","","","","",""
"B32E0031","001","15-09-1986","214","184","1088","","","","","","",""
"B32E0031","001","30-09-1986","224","194","1078","","","","","","",""
"B32E0031","001","18-10-1986","229","199","1073","","","","","","",""
"B32E0031","001","31-10-1986","176","146","1126","","","","","","",""
"B32E0031","001","14-11-1986","175","145","1127","","","","","","",""
"B32E0031","001","28-11-1986","144","114","1158","","","","","","",""
"B32E0031","001","16-12-1986","112","82","1190","","","","","","",""
"B32E0031","001","30-12-1986","101","71","1201","","","","","","",""
"B32E0031","001","16-01-1987","115","85","1187","","","","","","",""
"B32E0031","001","28-01-1987","108","78","1194","","","","","","",""
"B32E0031","001","03-02-1987","105","75","1197","","","","","","",""
"B32E0031","001","16-02-1987","109","79","1193","","","","","","",""
"B32E0031","001","17-03-1987","85","55","1217","","","","","","",""
"B32E0031","001","28-04-1987","123","93","1179","","","","","","",""
"B32E0031","001","14-05-1987","118","88","1184","","","","","","",""
"B32E0031","001","01-06-1987","116","86","1186","","","","","","",""
"B32E0031","001","15-06-1987","124","94","1178","","","","","","",""
"B32E0031","001","27-06-1987","137","107","1165","","","","","","",""
"B32E0031","001","14-07-1987","158","128","1144","","","","","","",""
"B32E0031","001","31-07-1987","130","100","1172","","","","","","",""
"B32E0031","001","15-08-1987","134","104","1168","","","","","","",""
"B32E0031","001","31-08-1987","145","115","1157","","","","","","",""
"B32E0031","001","15-09-1987","149","119","1153","","","","","","",""
"B32E0031","001","01-10-1987","133","103","1169","","","","","","",""
"B32E0031","001","28-10-1987","121","91","1181","","","","","","",""
"B32E0031","001","16-11-1987","104","74","1198","","","","","","",""
"B32E0031","001","30-11-1987","96","66","1206","","","","","","",""
"B32E0031","001","15-12-1987","101","71","1201","","","","","","",""
"B32E0031","001","31-12-1987","78","48","1224","","","","","","",""
"B32E0031","001","15-01-1988","86","56","1216","","","","","","",""
"B32E0031","001","29-01-1988","118","88","1184","","","","","","",""
"B32E0031","001","15-02-1988","117","87","1185","","","","","","",""
"B32E0031","001","01-03-1988","140","110","1162","","","","","","",""
"B32E0031","001","15-03-1988","131","101","1171","","","","","","",""
"B32E0031","001","28-03-1988","88","58","1214","","","","","","",""
"B32E0031","001","15-04-1988","99","69","1203","","","","","","",""
"B32E0031","001","01-05-1988","111","81","1191","","","","","","",""
"B32E0031","001","14-05-1988","128","98","1174","","","","","","",""
"B32E0031","001","30-05-1988","142","112","1160","","","","","","",""
"B32E0031","001","16-06-1988","165","135","1137","","","","","","",""
"B32E0031","001","14-07-1988","166","136","1136","","","","","","",""
"B32E0031","001","28-07-1988","158","128","1144","","","","","","",""
"B32E0031","001","02-08-1988","170","140","1132","","","","","","",""
"B32E0031","001","16-08-1988","171","141","1131","","","","","","",""
"B32E0031","001","02-09-1988","179","149","1123","","","","","","",""
"B32E0031","001","30-09-1988","170","140","1132","","","","","","",""
"B32E0031","001","14-10-1988","161","131","1141","","","","","","",""
"B32E0031","001","28-10-1988","155","125","1147","","","","","","",""
"B32E0031","001","16-11-1988","143","113","1159","","","","","","",""
"B32E0031","001","14-12-1988","126","96","1176","","","","","","",""
"B32E0031","001","28-12-1988","114","84","1188","","","","","","",""
"B32E0031","001","13-01-1989","112","82","1190","","","","","","",""
"B32E0031","001","27-01-1989","120","90","1182","","","","","","",""
"B32E0031","001","14-02-1989","130","100","1172","","","","","","",""
"B32E0031","001","28-02-1989","115","85","1187","","","","","","",""
"B32E0031","001","14-03-1989","104","74","1198","","","","","","",""
"B32E0031","001","28-03-1989","90","60","1212","","","","","","",""
"B32E0031","001","14-04-1989","97","67","1205","","","","","","",""
"B32E0031","001","28-04-1989","115","85","1187","","","","","","",""
"B32E0031","001","16-05-1989","137","107","1165","","","","","","",""
"B32E0031","001","29-05-1989","153","123","1149","","","","","","",""
"B32E0031","001","14-06-1989","145","115","1157","","","","","","",""
"B32E0031","001","27-06-1989","172","142","1130","","","","","","",""
"B32E0031","001","14-07-1989","182","152","1120","","","","","","",""
"B32E0031","001","28-07-1989","196","166","1106","","","","","","",""
"B32E0031","001","28-08-1989","214","184","1088","","","","","","",""
"B32E0031","001","14-09-1989","210","180","1092","","","","","","",""
"B32E0031","001","28-09-1989","218","188","1084","","","","","","",""
"B32E0031","001","13-10-1989","218","188","1084","","","","","","",""
"B32E0031","001","27-10-1989","217","187","1085","","","","","","",""
"B32E0031","001","14-11-1989","203","173","1099","","","","","","",""
"B32E0031","001","28-11-1989","208","178","1094","","","","","","",""
"B32E0031","001","14-12-1989","201","171","1101","","","","","","",""
"B32E0031","001","27-12-1989","158","128","1144","","","","","","",""
"B32E0031","001","15-01-1990","169","139","1133","","","","","","",""
"B32E0031","001","29-01-1990","133","103","1169","","","","","","",""
"B32E0031","001","14-02-1990","107","77","1195","","","","","","",""
"B32E0031","001","28-02-1990","101","71","1201","","","","","","",""
"B32E0031","001","14-03-1990","106","76","1196","","","","","","",""
"B32E0031","001","28-03-1990","115","80","1192","","","","","","",""
"B32E0031","001","12-04-1990","142","107","1165","","","","","","",""
"B32E0031","001","27-04-1990","154","119","1153","","","","","","",""
"B32E0031","001","14-05-1990","165","130","1142","","","","","","",""
"B32E0031","001","28-05-1990","183","148","1124","","","","","","",""
"B32E0031","001","14-06-1990","172","137","1135","","","","","","",""
"B32E0031","001","28-06-1990","179","144","1128","","","","","","",""
"B32E0031","001","16-07-1990","185","150","1122","","","","","","",""
"B32E0031","001","27-07-1990","198","163","1109","","","","","","",""
"B32E0031","001","14-08-1990","210","175","1097","","","","","","",""
"B32E0031","001","27-08-1990","210","175","1097","","","","","","",""
"B32E0031","001","13-09-1990","215","180","1092","","","","","","",""
"B32E0031","001","27-09-1990","210","175","1097","","","","","","",""
"B32E0031","001","15-10-1990","209","174","1098","","","","","","",""
"B32E0031","001","29-10-1990","213","178","1094","","","","","","",""
"B32E0031","001","14-11-1990","184","149","1123","","","","","","",""
"B32E0031","001","28-11-1990","150","115","1157","","","","","","",""
"B32E0031","001","13-12-1990","139","104","1168","","","","","","",""
"B32E0031","001","27-12-1990","122","87","1185","","","","","","",""
"B32E0031","001","14-01-1991","115","80","1192","","","","","","",""
"B32E0031","001","28-01-1991","127","92","1180","","","","","","",""
"B32E0031","001","14-02-1991","151","116","1156","","","","","","",""
"B32E0031","001","28-02-1991","132","97","1175","","","","","","",""
"B32E0031","001","14-03-1991","143","108","1164","","","","","","",""
"B32E0031","001","28-03-1991","156","121","1151","","","","","","",""
"B32E0031","001","15-04-1991","171","136","1136","","","","","","",""
"B32E0031","001","29-04-1991","176","141","1131","","","","","","",""
"B32E0031","001","14-05-1991","185","150","1122","","","","","","",""
"B32E0031","001","28-05-1991","190","155","1117","","","","","","",""
"B32E0031","001","14-06-1991","196","161","1111","","","","","","",""
"B32E0031","001","28-06-1991","140","105","1167","","","","","","",""
"B32E0031","001","12-07-1991","168","133","1139","","","","","","",""
"B32E0031","001","26-07-1991","182","147","1125","","","","","","",""
"B32E0031","001","14-08-1991","205","170","1102","","","","","","",""
"B32E0031","001","28-08-1991","219","184","1088","","","","","","",""
"B32E0031","001","13-09-1991","230","195","1077","","","","","","",""
"B32E0031","001","27-09-1991","230","195","1077","","","","","","",""
"B32E0031","001","14-10-1991","226","191","1081","","","","","","",""
"B32E0031","001","29-10-1991","225","190","1082","","","","","","",""
"B32E0031","001","14-11-1991","181","146","1126","","","","","","",""
"B32E0031","001","28-11-1991","171","136","1136","","","","","","",""
"B32E0031","001","13-12-1991","183","148","1124","","","","","","",""
"B32E0031","001","30-12-1991","158","123","1149","","","","","","",""
"B32E0031","001","14-01-1992","142","107","1165","","","","","","",""
"B32E0031","001","28-01-1992","158","123","1149","","","","","","",""
"B32E0031","001","14-02-1992","151","116","1156","","","","","","",""
"B32E0031","001","28-02-1992","159","124","1148","","","","","","",""
"B32E0031","001","13-03-1992","128","93","1179","","","","","","",""
"B32E0031","001","30-03-1992","134","99","1173","","","","","","",""
"B32E0031","001","13-04-1992","146","111","1161","","","","","","",""
"B32E0031","001","28-04-1992","148","113","1159","","","","","","",""
"B32E0031","001","14-05-1992","145","110","1162","","","","","","",""
"B32E0031","001","27-05-1992","180","145","1127","","","","","","",""
"B32E0031","001","15-06-1992","146","111","1161","","","","","","",""
"B32E0031","001","29-06-1992","173","138","1134","","","","","","",""
"B32E0031","001","13-07-1992","188","153","1119","","","","","","",""
"B32E0031","001","28-07-1992","202","167","1105","","","","","","",""
"B32E0031","001","17-08-1992","199","164","1108","","","","","","",""
"B32E0031","001","28-08-1992","203","168","1104","","","","","","",""
"B32E0031","001","14-09-1992","184","149","1123","","","","","","",""
"B32E0031","001","28-09-1992","200","165","1107","","","","","","",""
"B32E0031","001","14-10-1992","210","175","1097","","","","","","",""
"B32E0031","001","29-10-1992","170","135","1137","","","","","","",""
"B32E0031","001","13-11-1992","150","115","1157","","","","","","",""
"B32E0031","001","27-11-1992","118","83","1189","","","","","","",""
"B32E0031","001","14-12-1992","98","63","1209","","","","","","",""
"B32E0031","001","28-12-1992","118","83","1189","","","","","","",""
"B32E0031","001","14-01-1993","99","64","1208","","","","","","",""
"B32E0031","001","29-01-1993","83","48","1224","","","","","","",""
"B32E0031","001","15-02-1993","114","79","1193","","","","","","",""
"B32E0031","001","01-03-1993","100","65","1207","","","","","","",""
"B32E0031","001","15-03-1993","123","88","1184","","","","","","",""
"B32E0031","001","29-03-1993","136","101","1171","","","","","","",""
"B32E0031","001","13-04-1993","140","105","1167","","","","","","",""
"B32E0031","001","28-04-1993","147","112","1160","","","","","","",""
"B32E0031","001","14-05-1993","161","126","1146","","","","","","",""
"B32E0031","001","28-05-1993","177","142","1130","","","","","","",""
"B32E0031","001","14-06-1993","194","159","1113","","","","","","",""
"B32E0031","001","28-06-1993","200","165","1107","","","","","","",""
"B32E0031","001","14-07-1993","209","174","1098","","","","","","",""
"B32E0031","001","28-07-1993","130","95","1177","","","","","","",""
"B32E0031","001","13-08-1993","143","108","1164","","","","","","",""
"B32E0031","001","27-08-1993","159","124","1148","","","","","","",""
"B32E0031","001","14-09-1993","138","103","1169","","","","","","",""
"B32E0031","001","28-09-1993","102","67","1205","","","","","","",""
"B32E0031","001","14-10-1993","90","55","1217","","","","","","",""
"B32E0031","001","28-10-1993","112","77","1195","","","","","","",""
"B32E0031","001","15-11-1993","95","60","1212","","","","","","",""
"B32E0031","001","29-11-1993","124","89","1183","","","","","","",""
"B32E0031","001","14-12-1993","83","48","1224","","","","","","",""
"B32E0031","001","28-12-1993","73","38","1234","","","","","","",""
"B32E0031","001","13-01-1994","62","27","1245","","","","","","",""
"B32E0031","001","28-01-1994","55","20","1252","","","","","","",""
"B32E0031","001","14-02-1994","88","53","1219","","","","","","",""
"B32E0031","001","28-02-1994","86","51","1221","","","","","","",""
"B32E0031","001","14-03-1994","63","28","1244","","","","","","",""
"B32E0031","001","28-03-1994","63","28","1244","","","","","","",""
"B32E0031","001","14-04-1994","69","34","1238","","","","","","",""
"B32E0031","001","28-04-1994","90","55","1217","","","","","","",""
"B32E0031","001","16-05-1994","93","58","1214","","","","","","",""
"B32E0031","001","30-05-1994","105","70","1202","","","","","","",""
"B32E0031","001","14-06-1994","82","47","1225","","","","","","",""
"B32E0031","001","28-06-1994","113","78","1194","","","","","","",""
"B32E0031","001","14-07-1994","142","107","1165","","","","","","",""
"B32E0031","001","28-07-1994","164","129","1143","","","","","","",""
"B32E0031","001","15-08-1994","174","139","1133","","","","","","",""
"B32E0031","001","29-08-1994","178","143","1129","","","","","","",""
"B32E0031","001","14-09-1994","140","105","1167","","","","","","",""
"B32E0031","001","29-09-1994","125","90","1182","","","","","","",""
"B32E0031","001","14-10-1994","118","83","1189","","","","","","",""
"B32E0031","001","28-10-1994","112","77","1195","","","","","","",""
"B32E0031","001","14-11-1994","84","49","1223","","","","","","",""
"B32E0031","001","28-11-1994","93","58","1214","","","","","","",""
"B32E0031","001","14-12-1994","79","44","1228","","","","","","",""
"B32E0031","001","27-12-1994","70","35","1237","","","","","","",""
"B32E0031","001","13-01-1995","60","25","1247","","","","","","",""
"B32E0031","001","30-01-1995","54","19","1253","","","","","","",""
"B32E0031","001","13-02-1995","63","28","1244","","","","","","",""
"B32E0031","001","27-02-1995","69","34","1238","","","","","","",""
"B32E0031","001","13-03-1995","73","38","1234","","","","","","",""
"B32E0031","001","29-03-1995","76","41","1231","","","","","","",""
"B32E0031","001","13-04-1995","101","66","1206","","","","","","",""
"B32E0031","001","28-04-1995","101","66","1206","","","","","","",""
"B32E0031","001","15-05-1995","124","89","1183","","","","","","",""
"B32E0031","001","29-05-1995","104","69","1203","","","","","","",""
"B32E0031","001","14-06-1995","96","61","1211","","","","","","",""
"B32E0031","001","28-06-1995","126","91","1181","","","","","","",""
"B32E0031","001","13-07-1995","145","110","1162","","","","","","",""
"B32E0031","001","28-07-1995","148","113","1159","","","","","","",""
"B32E0031","001","14-08-1995","182","147","1125","","","","","","",""
"B32E0031","001","29-08-1995","193","158","1114","","","","","","",""
"B32E0031","001","14-09-1995","200","165","1107","","","","","","",""
"B32E0031","001","28-09-1995","189","154","1118","","","","","","",""
"B32E0031","001","16-10-1995","184","149","1123","","","","","","",""
"B32E0031","001","30-10-1995","198","163","1109","","","","","","",""
"B32E0031","001","14-11-1995","203","168","1104","","","","","","",""
"B32E0031","001","28-11-1995","199","164","1108","","","","","","",""
"B32E0031","001","15-12-1995","205","170","1102","","","","","","",""
"B32E0031","001","29-12-1995","194","159","1113","","","","","","",""
"B32E0031","001","12-01-1996","194","159","1113","","","","","","",""
"B32E0031","001","29-01-1996","","","","Y","","","","","",""
"B32E0031","001","14-02-1996","199","164","1108","","","","","","",""
"B32E0031","001","28-02-1996","172","137","1135","","","","","","",""
"B32E0031","001","14-03-1996","","","","Y","","","","","",""
"B32E0031","001","28-03-1996","179","144","1128","","","","","","",""
"B32E0031","001","15-04-1996","189","154","1118","","","","","","",""
"B32E0031","001","29-04-1996","198","163","1109","","","","","","",""
"B32E0031","001","14-05-1996","207","172","1100","","","","","","",""
"B32E0031","001","28-05-1996","213","178","1094","","","","","","",""
"B32E0031","001","12-06-1996","222","187","1085","","","","","","",""
"B32E0031","001","27-06-1996","230","195","1077","","","","","","",""
"B32E0031","001","12-07-1996","231","196","1076","","","","","","",""
"B32E0031","001","26-07-1996","236","201","1071","","","","","","",""
"B32E0031","001","14-08-1996","242","207","1065","","","","","","",""
"B32E0031","001","28-08-1996","234","199","1073","","","","","","",""
"B32E0031","001","13-09-1996","245","210","1062","","","","","","",""
"B32E0031","001","27-09-1996","251","216","1056","","","","","","",""
"B32E0031","001","11-10-1996","242","207","1065","","","","","","",""
"B32E0031","001","25-10-1996","244","209","1063","","","","","","",""
"B32E0031","001","14-11-1996","180","145","1127","","","","","","",""
"B32E0031","001","29-11-1996","179","144","1128","","","","","","",""
"B32E0031","001","16-12-1996","144","109","1163","","","","","","",""
"B32E0031","001","27-12-1996","","","","Y","","","","","",""
"B32E0031","001","14-01-1997","","","","Y","","","","","",""
"B32E0031","001","28-01-1997","174","139","1133","","","","","","",""
"B32E0031","001","14-02-1997","166","131","1141","","","","","","",""
"B32E0031","001","28-02-1997","115","80","1192","","","","","","",""
"B32E0031","001","14-03-1997","132","97","1175","","","","","","",""
"B32E0031","001","28-03-1997","130","95","1177","","","","","","",""
"B32E0031","001","14-04-1997","149","114","1158","","","","","","",""
"B32E0031","001","29-04-1997","160","125","1147","","","","","","",""
"B32E0031","001","14-05-1997","136","101","1171","","","","","","",""
"B32E0031","001","28-05-1997","152","117","1155","","","","","","",""
"B32E0031","001","13-06-1997","170","135","1137","","","","","","",""
"B32E0031","001","27-06-1997","173","138","1134","","","","","","",""
"B32E0031","001","14-07-1997","181","146","1126","","","","","","",""
"B32E0031","001","28-07-1997","172","137","1135","","","","","","",""
"B32E0031","001","14-08-1997","190","155","1117","","","","","","",""
"B32E0031","001","29-08-1997","184","149","1123","","","","","","",""
"B32E0031","001","15-09-1997","244","159","1113","","","","","","",""
"B32E0031","001","29-09-1997","255","170","1102","","","","","","",""
"B32E0031","001","14-10-1997","228","143","1129","","","","","","",""
"B32E0031","001","28-10-1997","230","145","1127","","","","","","",""
"B32E0031","001","14-11-1997","237","152","1120","","","","","","",""
"B32E0031","001","28-11-1997","243","158","1114","","","","","","",""
"B32E0031","001","15-12-1997","225","140","1132","","","","","","",""
"B32E0031","001","29-12-1997","198","113","1159","","","","","","",""
"B32E0031","001","15-01-1998","178","93","1179","","","","","","",""
"B32E0031","001","29-01-1998","181","96","1176","","","","","","",""
"B32E0031","001","13-02-1998","196","114","1158","","","","","","",""
"B32E0031","001","27-02-1998","202","120","1152","","","","","","",""
"B32E0031","001","13-03-1998","142","60","1212","","","","","","",""
"B32E0031","001","27-03-1998","158","76","1196","","","","","","",""
"B32E0031","001","15-04-1998","150","68","1204","","","","","","",""
"B32E0031","001","28-04-1998","149","67","1205","","","","","","",""
"B32E0031","001","13-05-1998","180","98","1174","","","","","","",""
"B32E0031","001","29-05-1998","169","87","1185","","","","","","",""
"B32E0031","001","16-06-1998","158","76","1196","","","","","","",""
"B32E0031","001","30-06-1998","174","92","1180","","","","","","",""
"B32E0031","001","29-07-1998","205","123","1149","","","","","","",""
"B32E0031","001","14-08-1998","220","138","1134","","","","","","",""
"B32E0031","001","28-08-1998","212","130","1142","","","","","","",""
"B32E0031","001","14-09-1998","175","93","1179","","","","","","",""
"B32E0031","001","28-09-1998","171","89","1183","","","","","","",""
"B32E0031","001","14-10-1998","150","68","1204","","","","","","",""
"B32E0031","001","28-10-1998","112","30","1242","","","","","","",""
"B32E0031","001","12-11-1998","110","28","1244","","","","","","",""
"B32E0031","001","26-11-1998","137","55","1217","","","","","","",""
"B32E0031","001","14-12-1998","119","37","1235","","","","","","",""
"B32E0031","001","28-12-1998","106","24","1248","","","","","","",""
"B32E0031","001","14-01-1999","113","31","1241","","","","","","",""
"B32E0031","001","28-01-1999","110","28","1244","","","","","","",""
"B32E0031","001","15-02-1999","135","53","1219","","","","","","",""
"B32E0031","001","01-03-1999","106","24","1248","","","","","","",""
"B32E0031","001","15-03-1999","131","49","1223","","","","","","",""
"B32E0031","001","29-03-1999","136","54","1218","","","","","","",""
"B32E0031","001","14-04-1999","121","39","1233","","","","","","",""
"B32E0031","001","28-04-1999","151","69","1203","","","","","","",""
"B32E0031","001","14-05-1999","148","66","1206","","","","","","",""
"B32E0031","001","28-05-1999","180","98","1174","","","","","","",""
"B32E0031","001","14-06-1999","171","89","1183","","","","","","",""
"B32E0031","001","28-06-1999","169","87","1185","","","","","","",""
"B32E0031","001","14-07-1999","201","119","1153","","","","","","",""
"B32E0031","001","28-07-1999","228","146","1126","","","","","","",""
"B32E0031","001","13-08-1999","238","156","1116","","","","","","",""
"B32E0031","001","27-08-1999","237","155","1117","","","","","","",""
"B32E0031","001","14-09-1999","251","169","1103","","","","","","",""
"B32E0031","001","27-09-1999","257","175","1097","","","","","","",""
"B32E0031","001","14-10-1999","258","176","1096","","","","","","",""
"B32E0031","001","28-10-1999","265","183","1089","","","","","","",""
"B32E0031","001","15-11-1999","262","180","1092","","","","","","",""
"B32E0031","001","29-11-1999","249","167","1105","","","","","","",""
"B32E0031","001","14-12-1999","204","122","1150","","","","","","",""
"B32E0031","001","28-12-1999","169","87","1185","","","","","","",""
"B32E0031","001","14-01-2000","171","89","1183","","","","","","",""
"B32E0031","001","28-01-2000","176","94","1178","","","","","","",""
"B32E0031","001","14-02-2000","156","74","1198","","","","","","",""
"B32E0031","001","28-02-2000","137","55","1217","","","","","","",""
"B32E0031","001","14-03-2000","130","48","1224","","","","","","",""
"B32E0031","001","28-03-2000","141","59","1213","","","","","","",""
"B32E0031","001","14-04-2000","161","79","1193","","","","","","",""
"B32E0031","001","28-04-2000","169","87","1185","","","","","","",""
"B32E0031","001","15-05-2000","189","107","1165","","","","","","",""
"B32E0031","001","29-05-2000","185","103","1169","","","","","","",""
"B32E0031","001","14-06-2000","191","109","1163","","","","","","",""
"B32E0031","001","28-06-2000","199","117","1155","","","","","","",""
"B32E0031","001","14-07-2000","213","131","1141","","","","","","",""
"B32E0031","001","28-07-2000","225","143","1129","","","","","","",""
"B32E0031","001","14-08-2000","235","153","1119","","","","","","",""
"B32E0031","001","28-08-2000","242","160","1112","","","","","","",""
"B32E0031","001","14-09-2000","243","161","1111","","","","","","",""
"B32E0031","001","28-09-2000","242","160","1112","","","","","","",""
"B32E0031","001","13-10-2000","225","143","1129","","","","","","",""
"B32E0031","001","27-10-2000","222","140","1132","","","","","","",""
"B32E0031","001","14-11-2000","184","102","1170","","","","","","",""
"B32E0031","001","28-11-2000","164","82","1190","","","","","","",""
"B32E0031","001","14-12-2000","146","64","1208","","","","","","",""
"B32E0031","001","28-12-2000","159","77","1195","","","","","","",""
"B32E0031","001","15-01-2001","146","64","1208","","","","","","",""
"B32E0031","001","29-01-2001","158","76","1196","","","","","","",""
"B32E0031","001","14-02-2001","136","54","1218","","","","","","",""
"B32E0031","001","28-02-2001","130","48","1224","","","","","","",""
"B32E0031","001","14-03-2001","136","54","1218","","","","","","",""
"B32E0031","001","28-05-2001","176","94","1178","","","","","","",""
"B32E0031","001","13-07-2001","223","141","1131","","","","","","",""
"B32E0031","001","30-07-2001","214","132","1140","","","","","","",""
"B32E0031","001","14-08-2001","215","133","1139","","","","","","",""
"B32E0031","001","28-08-2001","234","152","1120","","","","","","",""
"B32E0031","001","14-09-2001","220","138","1134","","","","","","",""
"B32E0031","001","28-09-2001","176","94","1178","","","","","","",""
"B32E0031","001","15-10-2001","182","100","1172","","","","","","",""
"B32E0031","001","29-10-2001","178","96","1176","","","","","","",""
"B32E0031","001","15-11-2001","176","94","1178","","","","","","",""
"B32E0031","001","28-11-2001","161","79","1193","","","","","","",""
"B32E0031","001","14-12-2001","151","69","1203","","","","","","",""
"B32E0031","001","28-12-2001","144","62","1210","","","","","","",""
"B32E0031","001","14-01-2002","138","56","1216","","","","","","",""
"B32E0031","001","28-01-2002","128","46","1226","","","","","","",""
"B32E0031","001","14-02-2002","130","48","1224","","","","","","",""
"B32E0031","001","28-02-2002","121","39","1233","","","","","","",""
"B32E0031","001","14-03-2002","134","52","1220","","","","","","",""
"B32E0031","001","28-03-2002","145","63","1209","","","","","","",""
"B32E0031","001","15-04-2002","162","80","1192","","","","","","",""
"B32E0031","001","01-05-2002","150","68","1204","","","","","","",""
"B32E0031","001","28-05-2002","180","98","1174","","","","","","",""
"B32E0031","001","18-06-2002","183","101","1171","","","","","","",""
"B32E0031","001","27-06-2002","194","112","1160","","","","","","",""
"B32E0031","001","16-07-2002","207","125","1147","","","","","","",""
"B32E0031","001","29-07-2002","221","139","1133","","","","","","",""
"B32E0031","001","14-08-2002","200","118","1154","","","","","","",""
"B32E0031","001","28-08-2002","210","128","1144","","","","","","",""
"B32E0031","001","13-09-2002","230","148","1124","","","","","","",""
"B32E0031","001","26-09-2002","239","157","1115","","","","","","",""
"B32E0031","001","15-10-2002","243","161","1111","","","","","","",""
"B32E0031","001","28-10-2002","226","144","1128","","","","","","",""
"B32E0031","001","18-11-2002","187","105","1167","","","","","","",""
"B32E0031","001","29-11-2002","185","103","1169","","","","","","",""
"B32E0031","001","16-12-2002","198","116","1156","","","","","","",""
"B32E0031","001","30-12-2002","141","59","1213","","","","","","",""
"B32E0031","001","15-01-2003","146","64","1208","","","","","","",""
"B32E0031","001","28-01-2003","138","56","1216","","","","","","",""
"B32E0031","001","13-02-2003","149","67","1205","","","","","","",""
"B32E0031","001","27-02-2003","161","79","1193","","","","","","",""
"B32E0031","001","17-03-2003","169","87","1185","","","","","","",""
"B32E0031","001","27-03-2003","178","96","1176","","","","","","",""
"B32E0031","001","16-04-2003","190","108","1164","","","","","","",""
"B32E0031","001","29-04-2003","186","104","1168","","","","","","",""
"B32E0031","001","13-05-2003","199","117","1155","","","","","","",""
"B32E0031","001","27-05-2003","181","99","1173","","","","","","",""
"B32E0031","001","16-06-2003","207","125","1147","","","","","","",""
"B32E0031","001","27-06-2003","222","140","1132","","","","","","",""
"B32E0031","001","14-07-2003","238","156","1116","","","","","","",""
"B32E0031","001","30-07-2003","251","169","1103","","","","","","",""
"B32E0031","001","14-08-2003","264","182","1090","","","","","","",""
"B32E0031","001","28-08-2003","271","189","1083","","","","","","",""
"B32E0031","001","29-09-2003","283","201","1071","","","","","","",""
"B32E0031","001","14-10-2003","276","194","1078","","","","","","",""
